id_siniestro,id_poliza,id_asegurado,ramo,cobertura,fecha_ocurrencia,fecha_reporte,monto_reclamado,monto_estimado,monto_pagado,estado,sucursal,descripcion,documentos_completos,beneficiario,fecha_inicio_poliza,fecha_fin_poliza,dias_desde_inicio_poliza,dias_desde_fin_poliza,dias_entre_ocurrencia_reporte,historial_siniestros_asegurado,etiqueta_fraude_simulada,latitude,longitude
SIN-0001,POL-0001,ASE-50118E54,Vehículos,Responsabilidad Civil,2026-02-25,2026-02-26,900.0,855.0,0.0,Cierre Sin Consecuencia,Guayaquil Centro,Colisión menor en parqueo. Daño leve en guardafango.,sí,,2025-08-29,2026-08-29,180,185,1,0,0,-2.1214954,-79.8256672
SIN-0002,POL-0002,ASE-10B1CD7F,Accidentes Personales,Cobertura Básica,2026-02-25,2026-02-26,1000.0,950.0,900.0,Pago Total,Quito Norte,"Accidente de tránsito menor, sin lesionados graves.",sí,,2025-08-29,2026-08-29,180,185,1,0,0,-0.209072,-78.5041
SIN-0003,POL-0003,ASE-743DE03B,Incendio,Todo Riesgo,2026-02-25,2026-02-26,4000.0,3800.0,0.0,Liquidado,Cuenca,Cortocircuito menor en cocina. Daños menores reparados.,sí,,2025-08-29,2026-08-29,180,185,1,0,0,-2.910852,-79.019396
SIN-0004,POL-0004,ASE-91AB21D0,Vehículos,Daños Parciales,2026-02-25,2026-02-26,1800.0,1710.0,0.0,Pago Parcial,Machala,Impacto con objeto fijo en vía urbana.,sí,,2025-08-29,2026-08-29,180,185,1,0,0,-3.231429936227148,-79.9484031404605
SIN-0005,POL-0005,ASE-DDE1D541,Vehículos,Colisión,2026-02-25,2026-02-26,1680.0,1596.0,0.0,Liquidado,Loja,Raspón leve con poste; sin lesionados.,sí,,2025-08-29,2026-08-29,180,185,1,0,0,-3.956414101016285,-79.16543801081554
SIN-0006,POL-0006,ASE-D0D86EC7,Accidentes Personales,Cobertura Básica,2026-02-25,2026-02-26,720.0,684.0,648.0,Pago Total,Ambato,Caída en escaleras; lesión leve; documentación completa.,sí,,2025-08-29,2026-08-29,180,185,1,0,0,-1.2499559999999998,-78.609076
SIN-0007,POL-0007,ASE-72A09B4A,Vehículos,Daños Parciales,2026-02-25,2026-02-26,3000.0,2850.0,0.0,Reserva,Guayaquil Centro,Colisión a 20 días del inicio de póliza.,sí,,2026-02-05,2027-02-05,20,345,1,0,0,-2.139054581508048,-79.79257239222355
SIN-0008,POL-0008,ASE-463E1383,Vehículos,Robo Parcial,2026-02-25,2026-02-27,2800.0,2660.0,0.0,Reserva,Manta,Robo de radio; denuncia al día siguiente.,sí,,2025-08-29,2026-08-29,180,185,2,0,0,-0.963413,-80.71392900000001
SIN-0009,POL-0009,ASE-C36DE609,Accidentes Personales,Cobertura Amplia,2026-02-25,2026-02-26,1600.0,1520.0,0.0,Reserva,Guayaquil Centro,Segundo siniestro del asegurado este año.,sí,,2025-08-29,2026-08-29,180,185,1,0,0,-2.1564799999999997,-79.904528
SIN-0010,POL-0010,ASE-D016E703,Vehículos,Colisión,2026-02-25,2026-02-26,3000.0,2850.0,0.0,Reserva,Cuenca,Segunda colisión para el mismo vehículo.,sí,,2025-08-29,2026-08-29,180,185,1,0,0,-2.87447908,-78.98323456
SIN-0011,POL-0011,ASE-FD95C6FB,Vehículos,Daños,2026-02-25,2026-02-26,3080.0,2926.0,0.0,Reserva,Guayaquil Centro,Conductor con dos siniestros previos este ciclo.,sí,,2025-08-29,2026-08-29,180,185,1,0,0,-2.1601106000000003,-79.949965
SIN-0012,POL-0012,ASE-23218457,Vehículos,Responsabilidad Civil,2026-02-25,2026-02-26,1500.0,1425.0,0.0,Reserva,Guayaquil Centro,Patrón RC observado por segunda vez en el asegurado.,sí,,2025-08-29,2026-08-29,180,185,1,0,0,-2.114414,-79.87803799999999
SIN-0013,POL-0013,ASE-DE236A0B,Accidentes Personales,Cobertura Básica,2026-02-25,2026-03-02,1620.0,1539.0,0.0,Reserva,Quito Norte,Reporte presentado cinco días después del accidente.,sí,,2025-08-29,2026-08-29,180,185,5,0,0,-0.22814,-78.50015599999999
SIN-0014,POL-0014,ASE-1975FDE4,Accidentes Personales,Cobertura Básica,2026-02-25,2026-02-26,1540.0,1463.0,0.0,Reserva,Cuenca,Accidente personal; historial clínico no aportado.,no,,2025-08-29,2026-08-29,180,185,1,0,0,-2.917984,-79.01269599999999
SIN-0015,POL-0015,ASE-C35B386F,Vehículos,Daños,2026-02-25,2026-02-27,5600.0,5320.0,0.0,Reserva,Portoviejo,Daño moderado sin rastro de terceros; zona aislada.,sí,,2025-08-29,2026-08-29,180,185,2,0,0,-1.0555087021069096,-80.46272345401671
SIN-0016,POL-0016,ASE-15A13032,Vehículos,Todo Riesgo,2026-02-25,2026-02-26,9700.0,9215.0,0.0,Reserva,Guayaquil Centro,Reclamación por monto casi igual a la suma asegurada.,sí,,2025-08-29,2026-08-29,180,185,1,0,0,-2.1325427200000004,-79.84542296000001
SIN-0017,POL-0017,ASE-02811DD6,Vehículos,Colisión,2026-02-25,2026-02-26,4000.0,3800.0,0.0,Reserva,Quito Norte,Incidente menor ocurrido a medianoche.,sí,,2025-08-29,2026-08-29,180,185,1,0,0,-0.20246904582001357,-78.46168039390697
SIN-0018,POL-0018,ASE-E4EB5576,Vehículos,Colisión,2026-02-25,2026-02-27,4800.0,4560.0,0.0,Reserva,Cuenca,Descripción con similitud media a casos anteriores.,sí,,2025-08-29,2026-08-29,180,185,2,0,0,-2.9054544,-78.953382
SIN-0019,POL-0019,ASE-60E467DD,Vehículos,Colisión,2026-02-25,2026-02-26,13200.0,12540.0,0.0,Reserva,Ambato,Vehículo siniestrado el primer día de vigencia de la póliza.,sí,,2026-02-24,2027-02-24,1,364,1,0,0,-1.261757654000787,-78.60739197673374
SIN-0020,POL-0020,ASE-BF83F3E4,Vehículos,Daños,2026-02-25,2026-02-26,11000.0,10450.0,0.0,Reserva,Quito Norte,Siniestro el mismo día de inicio de póliza; documentación incompleta.,no,,2026-02-25,2027-02-25,0,365,1,0,0,-0.26667066852117366,-78.50086832280897
SIN-0021,POL-0021,ASE-E00FA907,Vehículos,Todo Riesgo,2026-02-25,2026-02-26,19600.0,18620.0,0.0,Reserva,Guayaquil Centro,Primer día de póliza; asegurado con historial elevado.,sí,,2026-02-24,2027-02-24,1,364,1,0,0,-2.049972647314965,-79.87851940145826
SIN-0022,POL-0022,ASE-9C1DC941,Vehículos,Robo Parcial,2026-02-25,2026-03-02,9000.0,8550.0,0.0,Reserva,Esmeraldas,Robo de accesorios; denuncia policial tardía (110 h).,sí,,2025-08-29,2026-08-29,180,185,5,0,0,0.9587049999999999,-79.62989200000001
SIN-0023,POL-0023,ASE-C2C56C0E,Vehículos,Robo Total,2026-02-25,2026-03-02,22500.0,21375.0,0.0,Reserva,Quito Norte,Vehículo robado; denuncia 5 días después; documentación incompleta.,no,,2025-08-29,2026-08-29,180,185,5,0,1,-0.22022710849124905,-78.4863685797105
SIN-0024,POL-0024,ASE-42F598BC,Vehículos,Robo Parcial,2026-02-25,2026-03-07,7200.0,6840.0,0.0,Reserva,Guayaquil Centro,Robo con denuncia tardía y reporte tardío al asegurador.,sí,,2025-08-29,2026-08-29,180,185,10,0,0,-2.1093220472395697,-79.9417058456203
SIN-0025,POL-0025,ASE-A1B06D01,Vehículos,Daños,2026-02-25,2026-02-27,10000.0,9500.0,0.0,Reserva,Quito Norte,Colisión en autopista; narrativa idéntica a caso previo SIN-F030.,sí,,2025-08-29,2026-08-29,180,185,2,0,0,-0.21572118679325714,-78.48075741829581
SIN-0026,POL-0026,ASE-C18C40D5,Vehículos,Colisión,2026-02-25,2026-02-28,13200.0,12540.0,0.0,Reserva,Guayaquil Centro,Narrativa clonada detectada; documentación incompleta.,no,,2025-08-29,2026-08-29,180,185,3,0,0,-2.0634664468160597,-79.89001746278015
SIN-0027,POL-0027,ASE-F2F55A89,Vehículos,Todo Riesgo,2026-02-25,2026-02-27,10450.0,9927.5,0.0,Reserva,Cuenca,Narrativa idéntica a caso SIN-F031 con dinámica inconsistente.,sí,,2025-08-29,2026-08-29,180,185,2,0,0,-2.8619198399999997,-78.98830688000001
SIN-0028,POL-0028,ASE-1064FE87,Vehículos,Daños Parciales,2026-02-25,2026-03-07,6300.0,5985.0,0.0,Reserva,Quito Norte,Siniestro a 7 días del inicio; historial elevado; reporte tardío.,sí,,2026-02-18,2027-02-18,7,358,10,0,0,-0.19402444341676106,-78.45890857457303
SIN-0029,POL-0029,ASE-909F0DEA,Vehículos,Colisión,2026-02-25,2026-02-27,9000.0,8550.0,0.0,Reserva,Guayaquil Centro,Frecuencia alta asegurado+conductor; proveedor observado; docs incompletos.,no,,2025-08-29,2026-08-29,180,185,2,0,0,-2.2211867200000004,-79.94517104
SIN-0030,POL-0030,ASE-60041A71,Vehículos,Todo Riesgo,2026-02-25,2026-03-05,11000.0,10450.0,0.0,Reserva,Cuenca,"Múltiples señales: inicio póliza, frecuencia conductor, dinámica anómala.",sí,,2026-02-18,2027-02-18,7,358,8,0,0,-2.898117,-79.00955900000001
SIN-0031,POL-0031,ASE-BC2BF938,Vehículos,Responsabilidad Civil,2026-02-25,2026-02-27,3000.0,2850.0,0.0,Reserva,Quito Norte,Alta frecuencia vehículo+conductor+asegurado+RC; docs incompletos.,no,,2025-08-29,2026-08-29,180,185,2,0,0,-0.18792056619787126,-78.42203251820749
SIN-0032,POL-0032,ASE-EC10FC99,Vehículos,Daños,2026-02-25,2026-03-02,11000.0,10450.0,0.0,Reserva,Guayaquil Centro,Siniestro temprano; proveedor observado; inconsistencia documental.,sí,,2026-02-18,2027-02-18,7,358,5,0,0,-2.1518238800000002,-79.90702815999998
SIN-0033,POL-0033,ASE-750BE6A1,Vehículos,Daños,2026-02-25,2026-02-27,23280.0,22116.0,0.0,Reserva,Guayaquil Centro,Asegurado frecuente; proveedor observado; dinámica anómala; daño sin rastro.,sí,,2025-08-29,2026-08-29,180,185,2,0,0,-2.1468040399999997,-79.87997571999999
SIN-0034,POL-0034,ASE-C60521F9,Vehículos,Pérdida Parcial,2026-02-25,2026-03-05,7200.0,6840.0,0.0,Reserva,Ambato,Inicio de póliza + frecuencia alta vehículo+asegurado + docs tardíos.,no,,2026-02-18,2027-02-18,7,358,8,0,0,-1.2381914389119648,-78.57915913973181
SIN-0035,POL-0035,ASE-76AB06CE,Vehículos,Colisión,2026-02-25,2026-02-27,18200.0,17290.0,0.0,Reserva,Quito Norte,Conductor frecuente; proveedor observado; dinámica incoherente; sin rastro.,sí,,2025-08-29,2026-08-29,180,185,2,0,0,-0.2804212352680134,-78.48073709063054
SIN-0036,POL-0036,ASE-B9AC3705,Vehículos,Responsabilidad Civil,2026-02-25,2026-03-05,13580.0,12901.0,0.0,Reserva,Cuenca,RC recurrente; asegurado frecuente; proveedor observado; monto alto.,sí,,2025-08-29,2026-08-29,180,185,8,0,0,-2.8993728,-78.991427
SIN-0037,POL-0037,ASE-BFA5769E,Vehículos,Robo Parcial,2026-02-25,2026-03-01,12000.0,11400.0,0.0,Reserva,Manta,Robo con demora; asegurado frecuente; docs inconsistentes; narrativa similar.,sí,,2025-08-29,2026-08-29,180,185,4,0,0,-0.9737366,-80.70687600000001
SIN-0038,POL-0038,ASE-AA0FFBFD,Vehículos,Daños,2026-02-25,2026-03-05,11000.0,10450.0,0.0,Reserva,Guayaquil Centro,"Seis señales: póliza, asegurado, conductor, proveedor, docs, reporte.",no,,2026-02-18,2027-02-18,7,358,8,0,0,-2.1547332000000003,-79.855718
SIN-0039,POL-0039,ASE-6189938B,Vehículos,Todo Riesgo,2026-02-25,2026-02-27,29100.0,27645.0,0.0,Reserva,Quito Norte,"Siete señales: frecuencias alta+alta+alta, dinámica, daño, doc, monto.",sí,,2025-08-29,2026-08-29,180,185,2,0,0,-0.3208307028484141,-78.50077905340684
SIN-0040,POL-0040,ASE-2C0F2682,Vehículos,Colisión,2026-02-25,2026-03-06,16250.0,15437.5,0.0,Reserva,Guayaquil Centro,Inicio de póliza; asegurado frecuente; proveedor observado; 7 señales.,sí,,2026-02-18,2027-02-18,7,358,9,0,0,-2.1160958400000003,-79.81937312
SIN-0041,POL-0041,ASE-2A2FDDE0,Vehículos,Robo Parcial,2026-02-25,2026-02-28,9900.0,9405.0,0.0,Reserva,Esmeraldas,Robo con demora; conductor+RC frecuentes; proveedor observado; similar.,sí,,2025-08-29,2026-08-29,180,185,3,0,0,0.991421643178037,-79.6131375944048
SIN-0042,POL-0042,ASE-0FC098B0,Vehículos,Responsabilidad Civil,2026-02-25,2026-03-07,13580.0,12901.0,0.0,Reserva,Quito Norte,RC frecuente; vehículo repetido; proveedor observado; docs inconsistentes.,no,,2025-08-29,2026-08-29,180,185,10,0,0,-0.21683606913813325,-78.46849179788877
SIN-0043,POL-0043,ASE-B94A989C,Vehículos,Pérdida Total por Robo,2026-02-25,2026-02-26,35000.0,33250.0,0.0,Reserva,Guayaquil Centro,Pérdida total del vehículo por robo; cobertura PTxRB activada.,sí,,2025-08-29,2026-08-29,180,185,1,0,1,-2.1570054,-79.901725
SIN-0044,POL-0044,ASE-40C34EB8,Vehículos,Pérdida Total por Robo,2026-02-25,2026-02-26,45000.0,42750.0,0.0,Reserva,Quito Norte,Vehículo de alta gama hurtado; cobertura PTxRB activa.,sí,,2025-08-29,2026-08-29,180,185,1,0,1,-0.08019915956067332,-78.4882928993474
SIN-0045,POL-0045,ASE-DDEA0376,Vehículos,Pérdida Total por Robo,2026-02-25,2026-03-03,30000.0,28500.0,0.0,Reserva,Manta,Vehículo robado; PTxRB con denuncia tardía.,sí,,2025-08-29,2026-08-29,180,185,6,0,1,-0.9676634949330042,-80.70040320534649
SIN-0046,POL-0046,ASE-BDE38548,Vehículos,Pérdida Total por Robo,2026-02-25,2026-02-26,40000.0,38000.0,0.0,Reserva,Cuenca,PTxRB + asegurado con historial alto + monto total.,sí,,2025-08-29,2026-08-29,180,185,1,0,1,-2.8650846,-78.9865872
SIN-0047,POL-0047,ASE-0F815548,Vehículos,Colisión,2026-02-25,2026-03-03,17500.0,16625.0,0.0,Reserva,Quito Norte,Alteración evidente en el informe de peritaje presentado.,sí,,2025-08-29,2026-08-29,180,185,6,0,1,-0.1905946239533694,-78.44501784349781
SIN-0048,POL-0048,ASE-2A71CA2A,Incendio,Todo Riesgo,2026-02-25,2026-03-05,68000.0,64600.0,0.0,Reserva,Guayaquil Centro,Informe pericial falsificado con fechas manipuladas.,sí,,2025-08-29,2026-08-29,180,185,8,0,1,-2.1553839999999997,-79.9374
SIN-0049,POL-0049,ASE-5B319499,Vehículos,Daños,2026-02-25,2026-03-06,16500.0,15675.0,0.0,Reserva,Cuenca,Historial elevado + documentación falsificada.,sí,,2025-08-29,2026-08-29,180,185,9,0,1,-2.8776219577553968,-79.0005405774583
SIN-0050,POL-0050,ASE-4C0CEC72,Vehículos,Daños,2026-02-25,2026-02-27,10800.0,10260.0,0.0,Reserva,Esmeraldas,Taller en lista restrictiva con alertas previas.,sí,,2025-08-29,2026-08-29,180,185,2,0,1,0.9422675175756956,-79.66898575848329
SIN-0051,POL-0051,ASE-CA60B674,Vida,Muerte Natural,2026-02-25,2026-03-02,45000.0,42750.0,0.0,Reserva,Guayaquil Centro,Beneficiario en lista de monitoreo antilavado.,sí,,2025-08-29,2026-08-29,180,185,5,0,1,-2.1891879999999997,-79.936056
SIN-0052,POL-0052,ASE-A132490D,Vida,Muerte Accidental,2026-02-25,2026-02-28,32000.0,30400.0,0.0,Reserva,Machala,Beneficiario identificado en lista de alerta antilavado.,sí,,2025-08-29,2026-08-29,180,185,3,0,1,-3.2780400000000003,-79.970356
SIN-0053,POL-0053,ASE-8897E2A5,Vehículos,Colisión,2026-02-25,2026-02-27,13000.0,12350.0,0.0,Reserva,Quito Norte,Proveedor restrictivo + documentación incompleta.,no,,2025-08-29,2026-08-29,180,185,2,0,1,-0.3439703837968856,-78.49189098150913
SIN-0054,POL-0054,ASE-EF7D3A7E,Vehículos,Colisión,2026-02-25,2026-02-27,18000.0,17100.0,0.0,Reserva,Quito Norte,Perito determina dinámica físicamente imposible.,sí,,2025-08-29,2026-08-29,180,185,2,0,1,-0.2974961812403055,-78.5249003705496
SIN-0055,POL-0055,ASE-BE146E79,Vehículos,Todo Riesgo,2026-02-25,2026-02-28,24000.0,22800.0,0.0,Reserva,Guayaquil Centro,Daños inconsistentes con trayectoria declarada.,sí,,2025-08-29,2026-08-29,180,185,3,0,1,-2.2173466,-79.94670620000001
SIN-0056,POL-0056,ASE-9DE90A41,Vehículos,Colisión,2026-02-25,2026-03-01,23400.0,22230.0,0.0,Reserva,Cuenca,Narrativa incoherente; dinámica imposible confirmada por perito.,sí,,2025-08-29,2026-08-29,180,185,4,0,1,-2.84257304,-78.95998928
SIN-0057,POL-0057,ASE-9F6F9EE9,Vehículos,Todo Riesgo,2026-02-25,2026-03-06,28160.0,26752.0,0.0,Reserva,Guayaquil Centro,Historial elevado; proveedor restrictivo; docs falsificados; reporte tardío.,no,,2025-08-29,2026-08-29,180,185,9,0,1,-2.045692467529817,-79.87068332309188
SIN-0058,POL-0058,ASE-0614F3B1,Vehículos,Daños,2026-02-25,2026-02-27,24250.0,23037.5,0.0,Reserva,Quito Norte,Inicio póliza + asegurado+conductor frecuentes + daño sin testigos.,sí,,2026-02-20,2027-02-20,5,360,2,0,0,-0.1682986499541684,-78.50859954588313
SIN-0059,POL-0059,ASE-4CEE277D,Vehículos,Todo Riesgo,2026-02-25,2026-03-06,29750.0,28262.5,0.0,Reserva,Guayaquil Centro,Máxima acumulación: inicio póliza + 4 frecuencias + proveedor + extras.,sí,,2026-02-18,2027-02-18,7,358,9,0,0,-2.1349972052413624,-79.79413990897986
SIN-0060,POL-0060,ASE-77B50B6B,Vehículos,Todo Riesgo,2026-02-25,2026-03-07,38800.0,36860.0,0.0,Reserva,Quito Norte,Caso de máximo riesgo: 11 señales acumuladas.,no,,2026-02-20,2027-02-20,5,360,10,0,1,-0.1905712316792945,-78.35281564896464
SIN-0061,POL-0061,ASE-84A4C145,Vehículos,Responsabilidad Civil,2026-02-25,2026-02-28,17460.0,16587.0,0.0,Reserva,Cuenca,Caso RC con 11 señales acumuladas; score 78 pts.,no,,2025-08-29,2026-08-29,180,185,3,0,1,-2.8904407599999997,-79.00874732
SIN-0062,POL-0062,ASE-7134D6BC,Vehículos,Daños,2026-02-25,2026-02-27,27160.0,25802.0,0.0,Reserva,Guayaquil Centro,Narrativa muy similar + proveedor + inconsistencias documentales.,sí,,2025-08-29,2026-08-29,180,185,2,0,0,-2.1590102,-79.91594800000001
SIN-0063,POL-0063,ASE-35BB5AE0,Vehículos,Daños Parciales,2026-02-25,2026-02-26,1860.0,1767.0,0.0,Liquidado,Santo Domingo,Raspón lateral en redondel vial. Sin lesionados. Taller autorizado.,sí,,2025-08-29,2026-08-29,180,185,1,0,0,-0.2520466393565002,-79.17609553278558
SIN-0064,POL-0064,ASE-1285CE65,Accidentes Personales,Cobertura Básica,2026-02-25,2026-02-26,720.0,684.0,648.0,Pago Total,Ibarra,Caída de motociclista; documentación completa; lesión leve.,sí,,2025-08-29,2026-08-29,180,185,1,0,0,0.357824,-78.144804
SIN-0065,POL-0065,ASE-38B7BE0D,Vehículos,Colisión,2026-02-25,2026-02-26,1820.0,1729.0,0.0,Pago Parcial,Riobamba,Colisión menor en intersección urbana de Riobamba.,sí,,2025-08-29,2026-08-29,180,185,1,0,0,-1.6533290540341299,-78.62028990908858
SIN-0066,POL-0066,ASE-F97F982C,Incendio,Incendio y Líneas Aliadas,2026-02-25,2026-02-26,3150.0,2992.5,0.0,Liquidado,Latacunga,Cortocircuito en instalación eléctrica; daños menores; póliza vigente.,sí,,2025-08-29,2026-08-29,180,185,1,0,0,-0.946972,-78.61676
SIN-0067,POL-0067,ASE-143C7D22,Vehículos,Robo Total,2026-02-25,2026-03-02,39900.0,37905.0,0.0,Reserva,Riobamba,Toyota Hilux robada en zona periférica de Riobamba. Propietario reportó la sustracción 4 días después del hecho.,sí,,2025-08-29,2026-08-29,180,185,5,0,1,-1.6845146259920707,-78.65347715892273
SIN-0068,POL-0068,ASE-E913C667,Vehículos,Todo Riesgo,2026-02-25,2026-03-06,12100.0,11495.0,0.0,Reserva,Santo Domingo,Siniestro en semana de vigencia de póliza; conductor con historial; falta denuncia policial; reporte con nueve días de demora.,no,,2026-02-18,2027-02-18,7,358,9,0,0,-0.2396827463878846,-79.16645994062148
SIN-0069,POL-0069,ASE-B0B64350,Vehículos,Daños,2026-02-25,2026-02-27,31040.0,29488.0,0.0,Reserva,Quevedo,Chevrolet D-Max con daños extensos; peritaje indica impacto frontal sin evidencia de tercero en la escena.,sí,,2025-08-29,2026-08-29,180,185,2,0,0,-1.0211299954062178,-79.46721026519627
SIN-0070,POL-0070,ASE-9A89A45F,Incendio,Todo Riesgo,2026-02-25,2026-03-05,44000.0,41800.0,0.0,Reserva,Ibarra,Incendio en bodega de comercio en Ibarra. Falta informe de bomberos; peritaje con inconsistencias; narrativa idéntica a siniestro anterior.,no,,2025-08-29,2026-08-29,180,185,8,0,0,0.368608,-78.117008
SIN-0071,POL-0071,ASE-C689B229,Vehículos,Responsabilidad Civil,2026-02-25,2026-03-05,4000.0,3800.0,0.0,Reserva,Milagro,Tercer evento RC para el asegurado en 18 meses; proveedor vinculado a reclamaciones observadas en zona de Milagro.,sí,,2025-08-29,2026-08-29,180,185,8,0,0,-2.1161016755303352,-79.56718666017538
SIN-0072,POL-0072,ASE-BF70AFA8,Transporte,Mercancías en Tránsito,2026-02-25,2026-02-28,11700.0,11115.0,0.0,Reserva,Babahoyo,Pérdida de mercancía agrícola en ruta Babahoyo-Guayaquil. Póliza con 5 días de vigencia; guía de remisión ausente; ruta declarada inconsistente con GPS.,no,,2026-02-18,2027-02-18,7,358,3,0,0,-1.801072,-79.530844
SIN-0073,POL-0073,ASE-522B28DA,Vehículos,Daños,2026-02-25,2026-02-28,18000.0,17100.0,0.0,Reserva,Guayaquil Centro,Siniestro derivado a taller en lista restrictiva. Conductor con múltiples reclamaciones previas; narrativa muy similar a otro caso reciente.,sí,,2025-08-29,2026-08-29,180,185,3,0,1,-2.1697352000000003,-79.9196218
SIN-0074,POL-0074,ASE-CAE966D3,Vehículos,Pérdida Total por Robo,2026-02-25,2026-03-04,38000.0,36100.0,0.0,Reserva,Quito Norte,Toyota Prado reportada robada en Quito Norte. Asegurado con dos PTxRB en últimos 24 meses; denuncia ante el ECU-911 con 25 horas de demora.,sí,,2025-08-29,2026-08-29,180,185,7,0,1,-0.18002717797385087,-78.43183440926677
SIN-0075,POL-0075,ASE-D3BF7F4C,Vehículos,Colisión,2026-02-25,2026-03-01,17600.0,16720.0,0.0,Reserva,Ibarra,Perito determina que los daños son incompatibles con la dinámica declarada. Conductor con historial; documentos con fechas alteradas; descripción casi idéntica a caso SIN-F045.,sí,,2025-08-29,2026-08-29,180,185,4,0,1,0.3575293010511212,-78.11420462067682
SIN-0076,POL-0076,ASE-55674F98,Vehículos,Todo Riesgo,2026-02-25,2026-03-07,33950.0,32252.5,0.0,Reserva,Santo Domingo,Caso de máximo riesgo en Santo Domingo: 11 señales simultáneas. Póliza reciente; alta frecuencia vehículo+conductor+asegurado; taller en lista restrictiva; documentos incompletos e inconsistentes.,no,,2026-02-20,2027-02-20,5,360,10,0,1,-0.22816412774875094,-79.14830668047584
SIN-0077,POL-0077,ASE-D6EE89D1,Vehículos,Daños,2026-02-25,2026-03-06,16380.0,15561.0,0.0,Reserva,Riobamba,Peritaje con sello falsificado detectado por auditoría interna. Asegurado con cuatro siniestros previos; informe con fechas inconsistentes.,sí,,2025-08-29,2026-08-29,180,185,9,0,1,-1.6604983324281308,-78.63498874333139
SIN-0078,POL-0078,ASE-125434FD,Salud,Hospitalización,2026-02-25,2026-02-26,3600.0,3420.0,3240.0,Pago Total,Ambato,Hospitalización por apendicitis con cobertura quirúrgica. Documentación clínica completa; alta sin complicaciones.,sí,,2025-08-29,2026-08-29,180,185,1,0,0,-1.261248,-78.6321
SIN-0079,POL-0079,ASE-2BFC9751,Salud,Consulta Ambulatoria,2026-02-25,2026-03-02,1430.0,1358.5,0.0,Pago Parcial,Quito Norte,Consulta especializada en cardiología; factura presentada cinco días después.,sí,,2025-08-29,2026-08-29,180,185,5,0,0,-0.206184,-78.529236
SIN-0080,POL-0080,ASE-3F74D3B2,Salud,Hospitalización,2026-02-25,2026-02-27,8800.0,8360.0,0.0,Reserva,Guayaquil Centro,Asegurado con múltiples hospitalizaciones en la misma clínica este año. Historia clínica detallada no aportada; receta médica pendiente.,no,,2025-08-29,2026-08-29,180,185,2,0,0,-2.1737439999999997,-79.92061199999999
SIN-0081,POL-0081,ASE-36171004,Salud,Atención Quirúrgica,2026-02-25,2026-03-05,12600.0,11970.0,0.0,Reserva,Cuenca,Diagnóstico declarado no coincide con los procedimientos facturados. Fechas del informe quirúrgico previas al ingreso del paciente.,sí,,2025-08-29,2026-08-29,180,185,8,0,0,-2.919004,-79.021412
SIN-0082,POL-0082,ASE-FB9DDE36,Salud,Hospitalización,2026-02-25,2026-03-03,25200.0,23940.0,0.0,Reserva,Quito Norte,Factura hospitalaria con sello adulterado detectado en auditoría. Asegurado con cuatro hospitalizaciones previas en 18 meses.,sí,,2025-08-29,2026-08-29,180,185,6,0,1,-0.208068,-78.508772
SIN-0083,POL-0083,ASE-BA500C73,Salud,Reembolso Médico,2026-02-25,2026-03-01,17000.0,16150.0,0.0,Reserva,Manta,Centro médico identificado en lista restrictiva por reclamaciones observadas en regional Costa; reembolso por consultas no respaldadas.,sí,,2025-08-29,2026-08-29,180,185,4,0,1,-0.979768,-80.721116
SIN-0084,POL-0084,ASE-13B3DC70,Hogar,Daños por Agua,2026-02-25,2026-02-26,3960.0,3762.0,0.0,Liquidado,Quito Norte,Fuga en cañería de cocina; daño localizado en gabinetes inferiores. Peritaje rápido; documentación completa.,sí,,2025-08-29,2026-08-29,180,185,1,0,0,-0.233528,-78.531624
SIN-0085,POL-0085,ASE-C69C53A2,Hogar,Incendio y Líneas Aliadas,2026-02-25,2026-02-27,42000.0,39900.0,0.0,Reserva,Guayaquil Centro,Incendio declarado al segundo día de vigencia de la póliza de hogar. Informe de bomberos no entregado al momento del reclamo.,no,,2026-02-24,2027-02-24,1,364,2,0,0,-2.1879359999999997,-79.91339599999999
SIN-0086,POL-0086,ASE-BD054AB5,Hogar,Robo Domiciliario,2026-02-25,2026-03-03,13750.0,13062.5,0.0,Reserva,Cuenca,"Robo en vivienda con denuncia ante la policía cinco días después. Inventario presentado de memoria, sin facturas de respaldo.",sí,,2025-08-29,2026-08-29,180,185,6,0,0,-2.9184840000000003,-79.017228
SIN-0087,POL-0087,ASE-9083704B,Hogar,Incendio y Líneas Aliadas,2026-02-25,2026-03-02,77600.0,73720.0,0.0,Reserva,Guayaquil Centro,Incendio en bodega doméstica con facturas de avalúo alteradas. Monto reclamado prácticamente igual a la suma asegurada.,no,,2025-08-29,2026-08-29,180,185,5,0,1,-2.1714559999999996,-79.908444
SIN-0088,POL-0088,ASE-6B3F3A27,Hogar,Daños por Agua,2026-02-25,2026-03-01,28000.0,26600.0,0.0,Reserva,Manta,Restaurador en lista restrictiva por reclamaciones recurrentes. Cotización original modificada después del primer peritaje.,sí,,2025-08-29,2026-08-29,180,185,4,0,1,-0.956252,-80.721692
SIN-0089,POL-0089,ASE-64EA2C7F,Vida,Muerte Natural,2026-02-25,2026-03-07,30000.0,28500.0,27000.0,Pago Total,Cuenca,Fallecimiento por causas naturales de asegurado de 72 años. Certificado médico legal y partida de defunción en regla.,sí,,2025-08-29,2026-08-29,180,185,10,0,0,-2.8981440000000003,-78.991796
SIN-0090,POL-0090,ASE-ED4A1468,Vida,Muerte Accidental,2026-02-25,2026-03-12,50000.0,47500.0,0.0,Reserva,Quito Norte,Fallecimiento accidental dos días después del inicio de vigencia. Aviso al asegurador presentado dos semanas después del evento.,sí,,2026-02-24,2027-02-24,1,364,15,0,0,-0.21088,-78.52803999999999
SIN-0091,POL-0091,ASE-F2FE864C,Vida,Muerte Accidental,2026-02-25,2026-03-09,43650.0,41467.5,0.0,Reserva,Guayaquil Centro,Beneficiario con tres reclamaciones de vida previas; monto cercano a la suma asegurada en pólizas duplicadas.,sí,,2025-08-29,2026-08-29,180,185,12,0,0,-2.156204,-79.935332
SIN-0092,POL-0092,ASE-65CD93FC,Vida,Muerte Natural,2026-02-25,2026-03-01,57000.0,54150.0,0.0,Reserva,Manta,Beneficiario aparece en lista de monitoreo antilavado. Funeraria asociada también presenta reclamaciones observadas.,sí,,2025-08-29,2026-08-29,180,185,4,0,1,-0.94854,-80.697716
SIN-0093,POL-0093,ASE-33F76B1C,Vida,Muerte Accidental,2026-02-25,2026-03-08,55000.0,52250.0,0.0,Reserva,Riobamba,Certificado de defunción con firmas y sellos adulterados según validación notarial; reporte tardío al asegurador.,sí,,2025-08-29,2026-08-29,180,185,11,0,1,-1.6573680000000002,-78.641504
SIN-0094,POL-0094,ASE-C157C2BB,Equipo Electrónico,Daño Súbito,2026-02-25,2026-02-26,4500.0,4275.0,0.0,Pago Parcial,Quito Norte,Daño súbito en servidor de oficina por descarga eléctrica. Peritaje técnico completo; reparación parcial autorizada.,sí,,2025-08-29,2026-08-29,180,185,1,0,0,-0.226608,-78.508896
SIN-0095,POL-0095,ASE-0EEA0874,Transporte,Mercancías en Tránsito,2026-02-25,2026-02-28,14300.0,13585.0,0.0,Reserva,Babahoyo,Pérdida de mercancía en tránsito Babahoyo-Guayaquil con póliza recién emitida; guía de remisión y BL ausentes; ruta declarada inconsistente con GPS de la flota.,no,,2026-02-18,2027-02-18,7,358,3,0,0,-1.797776,-79.524628
SIN-0096,POL-0096,ASE-0E4D6C82,Equipo Electrónico,Robo,2026-02-25,2026-02-27,13200.0,12540.0,0.0,Reserva,Guayaquil Centro,Robo de equipo informático en oficina; narrativa idéntica a reclamo previo SIN-G021 reportado tres meses antes.,sí,,2025-08-29,2026-08-29,180,185,2,0,0,-2.1652,-79.936984
SIN-0097,POL-0097,ASE-0C04F245,Responsabilidad Civil Comercial,Daños a Terceros,2026-02-25,2026-03-05,9000.0,8550.0,0.0,Reserva,Loja,Tercera reclamación RC del comercio en 18 meses; aviso al asegurador con ocho días de demora.,sí,,2025-08-29,2026-08-29,180,185,8,0,0,-4.0098080000000005,-79.198896
SIN-0098,POL-0098,ASE-E0B564ED,Transporte,Mercancías en Tránsito,2026-02-25,2026-03-02,67900.0,64505.0,0.0,Reserva,Manta,Pérdida total de carga marítima con facturas comerciales alteradas. Conduce del camión ausente; monto cercano a la suma asegurada.,no,,2025-08-29,2026-08-29,180,185,5,0,1,-0.96432,-80.692356
SIN-0099,POL-0099,ASE-19FC61C6,Fianzas,Cumplimiento de Contrato,2026-02-25,2026-03-03,45000.0,42750.0,0.0,Reserva,Quito Norte,Ejecución de fianza de cumplimiento con perito en lista restrictiva. Acta de incumplimiento con fechas inconsistentes con cronograma.,sí,,2025-08-29,2026-08-29,180,185,6,0,1,-0.232888,-78.49676
